協力者,調査地,母語,年齢,性別,J-CAT (合計)
CCH02,中国語(中国D有),中国語,22,女性,239
CCH03,中国語(中国D有),中国語,21,男性,248
CCM51,中国語(中国D無),中国語,20,女性,354
CCH06,中国語(中国D有),中国語,21,女性,231
CCH07,中国語(中国D有),中国語,20,女性,287
CCH08,中国語(中国D有),中国語,21,女性,253
CCH09,中国語(中国D有),中国語,21,女性,294
CCH10,中国語(中国D有),中国語,22,女性,210
CCH11,中国語(中国D有),中国語,19,女性,261
CCH12,中国語(中国D有),中国語,19,男性,282
CCH13,中国語(中国D有),中国語,22,女性,227
CCH15,中国語(中国D有),中国語,21,女性,231
CCH16,中国語(中国D有),中国語,22,女性,293
CCH17,中国語(中国D有),中国語,21,女性,258
CCH18,中国語(中国D有),中国語,21,女性,209
CCH19,中国語(中国D有),中国語,19,女性,214
CCH20,中国語(中国D有),中国語,19,女性,200
JJE07,国内教室環境,中国語,27,男性,82
CCH21,中国語(中国D有),中国語,20,男性,169
CCH22,中国語(中国D有),中国語,19,女性,224
JJC05,国内教室環境,中国語,22,男性,83
CCH23,中国語(中国D有),中国語,21,女性,209
CCH24,中国語(中国D有),中国語,20,男性,171
CCH25,中国語(中国D有),中国語,20,女性,161
CCH26,中国語(中国D有),中国語,19,女性,198
CCH27,中国語(中国D有),中国語,19,女性,202
CCM35,中国語(中国D無),中国語,21,女性,320
CCH28,中国語(中国D有),中国語,19,男性,165
CCH29,中国語(中国D有),中国語,20,女性,203
CCH30,中国語(中国D有),中国語,19,男性,186
CCH31,中国語(中国D有),中国語,20,男性,174
CCH32,中国語(中国D有),中国語,23,女性,223
JJE57,国内教室環境,中国語,22,女性,91
CCH33,中国語(中国D有),中国語,21,女性,265
CCH34,中国語(中国D有),中国語,20,女性,214
CCH35,中国語(中国D有),中国語,20,女性,265
CCM50,中国語(中国D無),中国語,21,女性,310
CCH36,中国語(中国D有),中国語,21,男性,181
CCH37,中国語(中国D有),中国語,20,男性,255
CCH38,中国語(中国D有),中国語,20,女性,239
CCH39,中国語(中国D有),中国語,20,男性,227
CCH40,中国語(中国D有),中国語,20,女性,215
CCH42,中国語(中国D有),中国語,21,女性,248
CCH43,中国語(中国D有),中国語,20,女性,229
CCH45,中国語(中国D有),中国語,21,男性,264
CCH46,中国語(中国D有),中国語,21,女性,266
CCH48,中国語(中国D有),中国語,18,女性,191
CCH49,中国語(中国D有),中国語,20,女性,147
CCM53,中国語(中国D無),中国語,23,男性,103
CCH50,中国語(中国D有),中国語,19,女性,191
CCM54,中国語(中国D無),中国語,21,女性,300
CCH51,中国語(中国D有),中国語,21,女性,211
CCH52,中国語(中国D有),中国語,21,未回答,209
CCM01,中国語(中国D無),中国語,19,男性,299
CCH54,中国語(中国D有),中国語,18,女性,224
CCH55,中国語(中国D有),中国語,23,女性,286
CCH56,中国語(中国D有),中国語,22,女性,236
CCH59,中国語(中国D有),中国語,20,女性,248
CCH63,中国語(中国D有),中国語,21,女性,176
CCM02,中国語(中国D無),中国語,19,女性,218
JJE05,国内教室環境,中国語,22,男性,109
CCM03,中国語(中国D無),中国語,21,女性,251
CCM04,中国語(中国D無),中国語,22,女性,267
CCM05,中国語(中国D無),中国語,21,未回答,259
CCM06,中国語(中国D無),中国語,21,女性,167
CCM07,中国語(中国D無),中国語,20,女性,185
CCM08,中国語(中国D無),中国語,22,男性,235
CCM10,中国語(中国D無),中国語,19,女性,235
CCM11,中国語(中国D無),中国語,23,女性,268
JJC08,国内教室環境,中国語,21,男性,114
CCM12,中国語(中国D無),中国語,22,男性,213
CCM13,中国語(中国D無),中国語,20,女性,216
CCM14,中国語(中国D無),中国語,21,女性,175
CCM15,中国語(中国D無),中国語,22,女性,285
CCM16,中国語(中国D無),中国語,23,男性,223
CCM17,中国語(中国D無),中国語,20,女性,210
CCM33,中国語(中国D無),中国語,22,女性,288
CCM18,中国語(中国D無),中国語,21,女性,189
CCM19,中国語(中国D無),中国語,,男性,260
CCM20,中国語(中国D無),中国語,22,男性,256
CCM22,中国語(中国D無),中国語,20,女性,274
CCM23,中国語(中国D無),中国語,23,女性,190
JJE04,国内教室環境,中国語,27,男性,119
CCM24,中国語(中国D無),中国語,21,女性,257
CCM25,中国語(中国D無),中国語,24,女性,253
CCM27,中国語(中国D無),中国語,20,女性,259
CCM28,中国語(中国D無),中国語,19,女性,199
CCM29,中国語(中国D無),中国語,21,女性,229
CCM30,中国語(中国D無),中国語,22,男性,271
CCM31,中国語(中国D無),中国語,21,女性,215
CCM32,中国語(中国D無),中国語,21,女性,250
CCM34,中国語(中国D無),中国語,21,女性,253
JJE38,国内教室環境,中国語,24,男性,124
CCM36,中国語(中国D無),中国語,21,女性,192
CCM37,中国語(中国D無),中国語,21,女性,190
CCM39,中国語(中国D無),中国語,20,女性,184
CCM40,中国語(中国D無),中国語,22,未回答,252
CCM41,中国語(中国D無),中国語,22,女性,251
JJC11,国内教室環境,中国語,23,男性,126
CCM42,中国語(中国D無),中国語,23,男性,200
JJN46,国内自然習得,中国語,63,女性,126
CCM43,中国語(中国D無),中国語,21,男性,207
CCM44,中国語(中国D無),中国語,21,女性,181
CCM45,中国語(中国D無),中国語,21,女性,193
CCM46,中国語(中国D無),中国語,20,男性,202
CCM47,中国語(中国D無),中国語,21,男性,239
CCM48,中国語(中国D無),中国語,22,男性,235
CCM49,中国語(中国D無),中国語,21,女性,247
JJN25,国内自然習得,中国語,31,女性,278
CCM52,中国語(中国D無),中国語,21,女性,229
JJE01,国内教室環境,中国語,25,男性,132
JJN50,国内自然習得,中国語,51,男性,134
JJC59,国内教室環境,中国語,31,女性,266
JJC07,国内教室環境,中国語,21,男性,138
JJE26,国内教室環境,中国語,25,女性,139
JJE66,国内教室環境,中国語,22,男性,148
JJC27,国内教室環境,中国語,26,女性,149
JJC01,国内教室環境,中国語,19,男性,152
JJN36,国内自然習得,中国語,41,女性,152
JJN48,国内自然習得,中国語,26,女性,155
JJE28,国内教室環境,中国語,26,男性,156
JJE63,国内教室環境,中国語,22,男性,157
JJE33,国内教室環境,中国語,25,女性,247
JJE47,国内教室環境,中国語,32,男性,247
JJC06,国内教室環境,中国語,20,男性,158
JJC02,国内教室環境,中国語,24,男性,159
JJE16,国内教室環境,中国語,28,男性,242
JJE64,国内教室環境,中国語,21,女性,165
JJE41,国内教室環境,中国語,26,男性,166
JJN03,国内自然習得,中国語,38,女性,238
JJE55,国内教室環境,中国語,28,男性,171
JJE56,国内教室環境,中国語,22,女性,171
JJE67,国内教室環境,中国語,25,女性,171
JJC33,国内教室環境,中国語,22,男性,229
JJE72,国内教室環境,中国語,,未回答,175
JJC28,国内教室環境,中国語,23,男性,178
JJC10,国内教室環境,中国語,26,男性,179
JJC32,国内教室環境,中国語,21,男性,222
JJE23,国内教室環境,中国語,26,女性,222
JJE58,国内教室環境,中国語,24,女性,222
JJE60,国内教室環境,中国語,29,男性,182
JJE65,国内教室環境,中国語,25,男性,221
JJC19,国内教室環境,中国語,25,男性,220
JJE36,国内教室環境,中国語,23,男性,220
JJE50,国内教室環境,中国語,21,女性,219
JJE45,国内教室環境,中国語,21,女性,185
JJC03,国内教室環境,中国語,19,女性,186
JJC23,国内教室環境,中国語,26,女性,187
JJE61,国内教室環境,中国語,23,女性,187
JJE53,国内教室環境,中国語,21,女性,214
JJC21,国内教室環境,中国語,23,女性,188
JJC22,国内教室環境,中国語,27,男性,190
JJE20,国内教室環境,中国語,30,男性,190
JJE40,国内教室環境,中国語,25,男性,190
JJE34,国内教室環境,中国語,22,男性,210
JJC15,国内教室環境,中国語,22,女性,209
JJC46,国内教室環境,中国語,21,女性,209
JJE27,国内教室環境,中国語,26,男性,209
JJE22,国内教室環境,中国語,26,男性,195
JJC55,国内教室環境,中国語,21,女性,196
JJE37,国内教室環境,中国語,33,女性,205
JJC14,国内教室環境,中国語,20,女性,204
JJE39,国内教室環境,中国語,25,男性,199
JJC56,国内教室環境,中国語,21,男性,201
JJE62,国内教室環境,中国語,24,女性,200
KKR43,韓国語,韓国語,23,男性,355
KKD28,韓国語,韓国語,21,女性,352
KKR13,韓国語,韓国語,24,男性,346
KKD09,韓国語,韓国語,23,女性,345
KKR22,韓国語,韓国語,23,女性,340
KKR05,韓国語,韓国語,23,男性,335
KKD25,韓国語,韓国語,26,男性,333
KKD07,韓国語,韓国語,22,女性,332
KKD16,韓国語,韓国語,19,女性,330
KKR26,韓国語,韓国語,23,女性,328
KKD11,韓国語,韓国語,31,男性,327
KKR31,韓国語,韓国語,20,女性,325
KKD27,韓国語,韓国語,26,男性,324
KKR44,韓国語,韓国語,26,女性,321
KKD01,韓国語,韓国語,23,女性,320
KKD37,韓国語,韓国語,30,女性,318
KKR24,韓国語,韓国語,23,男性,317
JJC37,国内教室環境,韓国語,31,女性,316
KKD29,韓国語,韓国語,24,男性,92
KKR33,韓国語,韓国語,20,女性,310
KKD33,韓国語,韓国語,23,男性,309
KKR20,韓国語,韓国語,22,女性,309
KKD08,韓国語,韓国語,31,女性,303
KKR10,韓国語,韓国語,24,男性,301
KKD21,韓国語,韓国語,23,男性,299
KKR28,韓国語,韓国語,23,男性,298
KKR29,韓国語,韓国語,23,女性,297
KKD54,韓国語,韓国語,25,男性,296
KKR38,韓国語,韓国語,23,女性,296
KKD12,韓国語,韓国語,25,女性,295
JJN59,国内自然習得,韓国語,51,女性,294
KKD23,韓国語,韓国語,24,男性,294
KKR21,韓国語,韓国語,20,女性,292
JJC43,国内教室環境,韓国語,24,女性,291
KKR56,韓国語,韓国語,,男性,287
KKR34,韓国語,韓国語,22,女性,286
KKR12,韓国語,韓国語,25,男性,285
KKR40,韓国語,韓国語,28,男性,285
KKD53,韓国語,韓国語,26,男性,283
KKR16,韓国語,韓国語,23,女性,283
KKD30,韓国語,韓国語,19,男性,125
KKD19,韓国語,韓国語,26,男性,126
KKR45,韓国語,韓国語,20,女性,279
KKR54,韓国語,韓国語,24,男性,279
KKR52,韓国語,韓国語,27,男性,278
KKD60,韓国語,韓国語,22,男性,129
KKR39,韓国語,韓国語,24,男性,277
KKD17,韓国語,韓国語,25,男性,131
KKD59,韓国語,韓国語,22,女性,274
KKD48,韓国語,韓国語,24,男性,268
JJC51,国内教室環境,韓国語,22,女性,267
KKR46,韓国語,韓国語,25,男性,267
KKD02,韓国語,韓国語,20,男性,266
KKD15,韓国語,韓国語,20,男性,264
KKR03,韓国語,韓国語,27,男性,264
KKR41,韓国語,韓国語,21,女性,264
KKD49,韓国語,韓国語,23,女性,263
KKR08,韓国語,韓国語,28,女性,261
JJC50,国内教室環境,韓国語,23,女性,260
JJN58,国内自然習得,韓国語,41,女性,260
KKD57,韓国語,韓国語,27,男性,145
KKD05,韓国語,韓国語,26,女性,259
KKR04,韓国語,韓国語,21,女性,259
KKR06,韓国語,韓国語,20,男性,259
JJN33,国内自然習得,韓国語,35,女性,258
KKD24,韓国語,韓国語,23,女性,256
KKD40,韓国語,韓国語,23,女性,255
KKR15,韓国語,韓国語,23,男性,255
KKR58,韓国語,韓国語,21,女性,254
KKR23,韓国語,韓国語,25,男性,251
KKD04,韓国語,韓国語,26,男性,250
KKR17,韓国語,韓国語,26,女性,250
KKR30,韓国語,韓国語,23,女性,250
JJN56,国内自然習得,韓国語,39,女性,249
KKD35,韓国語,韓国語,24,女性,249
KKR36,韓国語,韓国語,20,男性,248
KKR47,韓国語,韓国語,23,男性,248
KKD20,韓国語,韓国語,28,男性,246
JJE68,国内教室環境,韓国語,27,男性,245
KKR50,韓国語,韓国語,23,女性,244
KKR11,韓国語,韓国語,20,女性,243
KKR51,韓国語,韓国語,22,女性,243
KKR35,韓国語,韓国語,26,男性,242
KKR53,韓国語,韓国語,24,女性,241
KKR25,韓国語,韓国語,21,女性,163
KKD46,韓国語,韓国語,19,男性,240
KKD52,韓国語,韓国語,21,女性,166
KKR49,韓国語,韓国語,24,女性,239
KKD50,韓国語,韓国語,25,男性,238
KKD41,韓国語,韓国語,21,女性,235
KKR14,韓国語,韓国語,26,女性,235
JJE70,国内教室環境,韓国語,20,女性,232
KKD10,韓国語,韓国語,25,女性,231
KKD47,韓国語,韓国語,19,男性,231
JJN63,国内自然習得,韓国語,43,女性,230
KKR07,韓国語,韓国語,21,女性,174
KKD55,韓国語,韓国語,22,女性,229
KKR57,韓国語,韓国語,24,女性,176
KKD34,韓国語,韓国語,26,男性,177
KKD18,韓国語,韓国語,28,女性,226
KKD38,韓国語,韓国語,26,女性,226
KKR09,韓国語,韓国語,24,男性,225
KKD06,韓国語,韓国語,23,女性,178
KKR37,韓国語,韓国語,24,男性,223
KKD14,韓国語,韓国語,26,男性,221
KKD43,韓国語,韓国語,23,女性,221
KKR19,韓国語,韓国語,25,男性,221
KKR55,韓国語,韓国語,21,男性,220
KKD26,韓国語,韓国語,20,男性,183
KKD45,韓国語,韓国語,23,男性,185
KKR01,韓国語,韓国語,22,女性,215
JJN49,国内自然習得,タガログ語,54,女性,55
JJN06,国内自然習得,タガログ語,42,女性,127
JJN53,国内自然習得,タガログ語,31,女性,245
JJN44,国内自然習得,スペイン語,54,男性,58
SES09,スペイン語,スペイン語,21,女性,59
SES40,スペイン語,スペイン語,22,女性,66
SES07,スペイン語,スペイン語,21,女性,74
SES56,スペイン語,スペイン語,22,男性,82
SES58,スペイン語,スペイン語,33,男性,85
SES08,スペイン語,スペイン語,20,男性,101
SES54,スペイン語,スペイン語,24,男性,102
SES47,スペイン語,スペイン語,21,男性,103
SES12,スペイン語,スペイン語,27,女性,104
SES03,スペイン語,スペイン語,24,女性,110
SES22,スペイン語,スペイン語,24,女性,114
SES37,スペイン語,スペイン語,24,男性,117
SES19,スペイン語,スペイン語,24,男性,122
SES15,スペイン語,スペイン語,27,男性,123
SES18,スペイン語,スペイン語,27,男性,125
SES17,スペイン語,スペイン語,21,女性,127
SES45,スペイン語,スペイン語,22,女性,130
SES26,スペイン語,スペイン語,26,男性,131
SES48,スペイン語,スペイン語,25,女性,132
SES52,スペイン語,スペイン語,31,女性,133
SES43,スペイン語,スペイン語,25,女性,135
SES55,スペイン語,スペイン語,28,男性,136
SES01,スペイン語,スペイン語,23,女性,137
SES21,スペイン語,スペイン語,24,男性,138
SES33,スペイン語,スペイン語,22,女性,141
JJN11,国内自然習得,スペイン語,31,男性,142
SES11,スペイン語,スペイン語,35,男性,148
SES39,スペイン語,スペイン語,33,女性,149
SES49,スペイン語,スペイン語,30,女性,149
JJN47,国内自然習得,スペイン語,58,女性,150
SES20,スペイン語,スペイン語,26,女性,150
SES38,スペイン語,スペイン語,25,男性,151
SES24,スペイン語,スペイン語,41,女性,153
SES34,スペイン語,スペイン語,23,男性,153
SES14,スペイン語,スペイン語,31,男性,154
SES02,スペイン語,スペイン語,24,女性,157
SES05,スペイン語,スペイン語,21,女性,163
SES42,スペイン語,スペイン語,21,女性,164
JJC18,国内教室環境,スペイン語,33,男性,167
SES53,スペイン語,スペイン語,26,男性,236
SES35,スペイン語,スペイン語,26,女性,169
SES32,スペイン語,スペイン語,23,女性,172
SES50,スペイン語,スペイン語,25,女性,172
SES23,スペイン語,スペイン語,46,男性,178
JJN18,国内自然習得,スペイン語,42,女性,179
SES30,スペイン語,スペイン語,29,男性,179
SES06,スペイン語,スペイン語,21,女性,182
SES41,スペイン語,スペイン語,26,女性,182
SES36,スペイン語,スペイン語,28,女性,184
SES28,スペイン語,スペイン語,25,女性,217
SES16,スペイン語,スペイン語,22,女性,186
JJN04,国内自然習得,スペイン語,26,男性,214
SES25,スペイン語,スペイン語,21,男性,212
JJC29,国内教室環境,スペイン語,43,女性,211
SES04,スペイン語,スペイン語,21,女性,206
SES27,スペイン語,スペイン語,25,男性,196
CCS39,中国語(台湾),中国語（台湾）,21,女性,347
CCS40,中国語(台湾),中国語（台湾）,21,女性,338
CCS55,中国語(台湾),中国語（台湾）,21,女性,336
CCS24,中国語(台湾),中国語（台湾）,21,男性,332
CCT24,中国語(台湾),中国語（台湾）,22,女性,321
CCS32,中国語(台湾),中国語（台湾）,21,女性,320
CCT37,中国語(台湾),中国語（台湾）,21,女性,314
CCT14,中国語(台湾),中国語（台湾）,21,女性,313
CCS09,中国語(台湾),中国語（台湾）,21,男性,310
CCT10,中国語(台湾),中国語（台湾）,21,女性,307
CCS50,中国語(台湾),中国語（台湾）,21,女性,304
CCS04,中国語(台湾),中国語（台湾）,21,女性,300
CCS45,中国語(台湾),中国語（台湾）,21,女性,298
CCT23,中国語(台湾),中国語（台湾）,21,女性,297
CCT18,中国語(台湾),中国語（台湾）,19,男性,295
JJC48,国内教室環境,中国語（台湾）,27,男性,295
CCS52,中国語(台湾),中国語（台湾）,21,女性,294
CCS53,中国語(台湾),中国語（台湾）,22,男性,293
CCT31,中国語(台湾),中国語（台湾）,21,女性,292
CCS51,中国語(台湾),中国語（台湾）,21,女性,291
CCS08,中国語(台湾),中国語（台湾）,22,女性,287
CCT38,中国語(台湾),中国語（台湾）,22,男性,286
CCT44,中国語(台湾),中国語（台湾）,21,女性,286
CCT46,中国語(台湾),中国語（台湾）,21,男性,281
JJC45,国内教室環境,中国語（台湾）,25,男性,280
CCT07,中国語(台湾),中国語（台湾）,20,男性,279
CCS12,中国語(台湾),中国語（台湾）,21,女性,278
CCT59,中国語(台湾),中国語（台湾）,23,女性,278
CCS02,中国語(台湾),中国語（台湾）,21,女性,277
CCS33,中国語(台湾),中国語（台湾）,22,女性,276
CCT13,中国語(台湾),中国語（台湾）,21,女性,276
CCS01,中国語(台湾),中国語（台湾）,21,女性,265
CCS20,中国語(台湾),中国語（台湾）,21,女性,275
CCS03,中国語(台湾),中国語（台湾）,21,女性,243
CCS57,中国語(台湾),中国語（台湾）,22,女性,275
CCS07,中国語(台湾),中国語（台湾）,21,女性,274
CCS10,中国語(台湾),中国語（台湾）,21,女性,240
CCS13,中国語(台湾),中国語（台湾）,22,女性,257
CCS14,中国語(台湾),中国語（台湾）,21,女性,221
CCS49,中国語(台湾),中国語（台湾）,22,女性,272
CCS16,中国語(台湾),中国語（台湾）,21,女性,260
CCS17,中国語(台湾),中国語（台湾）,21,男性,257
JJC38,国内教室環境,中国語（台湾）,25,男性,272
CCS18,中国語(台湾),中国語（台湾）,21,女性,205
CCS21,中国語(台湾),中国語（台湾）,21,女性,174
CCT15,中国語(台湾),中国語（台湾）,20,女性,271
CCS23,中国語(台湾),中国語（台湾）,22,女性,190
CCT54,中国語(台湾),中国語（台湾）,20,女性,271
CCS25,中国語(台湾),中国語（台湾）,22,男性,270
JJC31,国内教室環境,中国語（台湾）,21,女性,269
CCS26,中国語(台湾),中国語（台湾）,21,男性,250
CCS29,中国語(台湾),中国語（台湾）,21,女性,262
CCS30,中国語(台湾),中国語（台湾）,21,女性,254
CCS31,中国語(台湾),中国語（台湾）,21,女性,235
CCS35,中国語(台湾),中国語（台湾）,22,女性,266
CCS36,中国語(台湾),中国語（台湾）,21,女性,228
CCS37,中国語(台湾),中国語（台湾）,21,女性,223
CCS38,中国語(台湾),中国語（台湾）,22,女性,217
CCS41,中国語(台湾),中国語（台湾）,21,女性,179
CCS42,中国語(台湾),中国語（台湾）,21,女性,250
CCS43,中国語(台湾),中国語（台湾）,21,女性,177
CCS44,中国語(台湾),中国語（台湾）,21,女性,230
CCS58,中国語(台湾),中国語（台湾）,21,男性,265
CCS46,中国語(台湾),中国語（台湾）,21,女性,254
CCT35,中国語(台湾),中国語（台湾）,19,女性,265
CCS47,中国語(台湾),中国語（台湾）,23,女性,234
CCS48,中国語(台湾),中国語（台湾）,21,女性,224
CCS54,中国語(台湾),中国語（台湾）,21,男性,246
CCS56,中国語(台湾),中国語（台湾）,21,女性,254
CCT39,中国語(台湾),中国語（台湾）,19,女性,261
CCT41,中国語(台湾),中国語（台湾）,19,女性,261
CCS60,中国語(台湾),中国語（台湾）,22,女性,212
CCT02,中国語(台湾),中国語（台湾）,19,女性,239
CCT04,中国語(台湾),中国語（台湾）,19,女性,253
CCT05,中国語(台湾),中国語（台湾）,20,女性,218
CCT48,中国語(台湾),中国語（台湾）,23,女性,260
CCT08,中国語(台湾),中国語（台湾）,21,女性,188
JJC35,国内教室環境,中国語（台湾）,25,女性,260
CCT11,中国語(台湾),中国語（台湾）,22,女性,249
CCT16,中国語(台湾),中国語（台湾）,20,女性,254
CCT17,中国語(台湾),中国語（台湾）,22,女性,246
CCT19,中国語(台湾),中国語（台湾）,21,女性,258
CCT20,中国語(台湾),中国語（台湾）,21,女性,214
CCT22,中国語(台湾),中国語（台湾）,21,女性,213
CCT51,中国語(台湾),中国語（台湾）,22,女性,258
CCT25,中国語(台湾),中国語（台湾）,20,女性,193
CCT26,中国語(台湾),中国語（台湾）,20,女性,246
CCT27,中国語(台湾),中国語（台湾）,20,女性,255
CCT28,中国語(台湾),中国語（台湾）,21,女性,216
CCT29,中国語(台湾),中国語（台湾）,20,男性,239
CCT33,中国語(台湾),中国語（台湾）,20,女性,218
CCT34,中国語(台湾),中国語（台湾）,20,女性,210
CCT53,中国語(台湾),中国語（台湾）,22,女性,257
CCT40,中国語(台湾),中国語（台湾）,19,女性,229
CCT43,中国語(台湾),中国語（台湾）,21,女性,232
CCT45,中国語(台湾),中国語（台湾）,19,女性,228
CCT49,中国語(台湾),中国語（台湾）,23,女性,191
CCT50,中国語(台湾),中国語（台湾）,21,女性,249
CCT52,中国語(台湾),中国語（台湾）,21,女性,237
CCT55,中国語(台湾),中国語（台湾）,20,女性,219
CCT56,中国語(台湾),中国語（台湾）,21,女性,247
CCT57,中国語(台湾),中国語（台湾）,21,女性,191
CCT58,中国語(台湾),中国語（台湾）,20,女性,234
CCT60,中国語(台湾),中国語（台湾）,21,女性,249
CCT61,中国語(台湾),中国語（台湾）,22,女性,209
JJN26,国内自然習得,中国語（台湾）,33,女性,242
JJC36,国内教室環境,中国語（台湾）,35,女性,235
JJC34,国内教室環境,中国語（台湾）,28,女性,206
EUS38,英語(D有),英語,18,女性,61
EUS25,英語(D有),英語,19,女性,65
EUS49,英語(D有),英語,23,男性,68
EGB05,英語(D有),英語,25,男性,88
EUS55,英語(D有),英語,26,男性,90
EUS53,英語(D有),英語,19,女性,91
EUS54,英語(D有),英語,21,女性,91
EUS05,英語(D有),英語,18,女性,94
EUS26,英語(D有),英語,21,女性,95
EUS36,英語(D有),英語,20,男性,95
EUS42,英語(D有),英語,22,女性,95
EAU09,英語(D無),英語,21,男性,106
EGB13,英語(D有),英語,25,男性,107
EUS11,英語(D有),英語,24,男性,109
JJN27,国内自然習得,英語,24,女性,111
EUS08,英語(D有),英語,19,女性,113
EGB04,英語(D有),英語,25,女性,116
EUS15,英語(D有),英語,22,女性,117
EUS30,英語(D有),英語,19,女性,121
ENZ18,英語(D無),英語,19,女性,122
EAU08,英語(D無),英語,19,女性,123
EUS14,英語(D有),英語,22,女性,284
EUS21,英語(D有),英語,19,女性,124
ENZ14,英語(D無),英語,24,女性,125
EUS39,英語(D有),英語,24,男性,125
JJN20,国内自然習得,英語,42,男性,281
EUS23,英語(D有),英語,18,女性,128
EUS18,英語(D有),英語,19,男性,129
ENZ32,英語(D無),英語,21,女性,130
EUS40,英語(D有),英語,29,男性,131
EUS47,英語(D有),英語,19,男性,132
EUS13,英語(D有),英語,20,女性,133
EUS43,英語(D有),英語,25,男性,134
ENZ31,英語(D無),英語,19,女性,272
EAU14,英語(D無),英語,19,男性,136
JJN24,国内自然習得,英語,26,男性,137
EGB15,英語(D有),英語,24,女性,138
EGB19,英語(D有),英語,21,女性,138
ENZ23,英語(D無),英語,21,女性,139
ENZ27,英語(D無),英語,21,男性,143
ENZ43,英語(D無),英語,20,女性,143
EAU29,英語(D無),英語,21,女性,144
EAU30,英語(D無),英語,23,女性,144
ENZ41,英語(D無),英語,21,男性,144
EUS20,英語(D有),英語,22,男性,144
ENZ30,英語(D無),英語,21,女性,149
ENZ38,英語(D無),英語,19,男性,149
EAU40,英語(D無),英語,24,女性,257
EGB01,英語(D有),英語,20,男性,151
ENZ48,英語(D無),英語,20,女性,151
EUS03,英語(D有),英語,23,女性,254
EAU32,英語(D無),英語,19,女性,153
EAU03,英語(D無),英語,21,女性,198
EAU05,英語(D無),英語,21,男性,194
EAU07,英語(D無),英語,19,女性,222
EAU11,英語(D無),英語,19,女性,183
EAU15,英語(D無),英語,23,女性,231
EAU16,英語(D無),英語,21,女性,165
EAU18,英語(D無),英語,,女性,217
EAU20,英語(D無),英語,18,女性,221
EAU23,英語(D無),英語,19,女性,178
EAU24,英語(D無),英語,21,女性,239
EUS46,英語(D有),英語,18,男性,156
EAU28,英語(D無),英語,24,男性,214
JJN30,国内自然習得,英語,27,男性,156
EAU31,英語(D無),英語,20,女性,197
EGB23,英語(D有),英語,19,男性,157
EUS12,英語(D有),英語,19,女性,157
EAU34,英語(D無),英語,21,男性,235
EAU36,英語(D無),英語,20,女性,203
EAU37,英語(D無),英語,22,男性,194
EAU38,英語(D無),英語,18,男性,209
EGB03,英語(D有),英語,21,男性,224
EGB07,英語(D有),英語,19,女性,184
EGB08,英語(D有),英語,20,女性,179
EGB10,英語(D有),英語,18,男性,179
EGB11,英語(D有),英語,21,男性,194
EGB17,英語(D有),英語,23,男性,200
EGB21,英語(D有),英語,21,男性,223
EGB22,英語(D有),英語,20,女性,195
EGB26,英語(D有),英語,23,女性,173
EGB28,英語(D有),英語,24,男性,237
EGB29,英語(D有),英語,22,女性,204
EGB30,英語(D有),英語,25,女性,214
ENZ02,英語(D無),英語,21,女性,172
ENZ08,英語(D無),英語,18,女性,198
ENZ12,英語(D無),英語,21,女性,202
ENZ13,英語(D無),英語,22,男性,239
ENZ20,英語(D無),英語,20,女性,191
ENZ29,英語(D無),英語,22,女性,216
EUS33,英語(D有),英語,35,男性,241
ENZ33,英語(D無),英語,19,女性,172
ENZ35,英語(D無),英語,21,女性,168
ENZ39,英語(D無),英語,20,女性,195
EUS01,英語(D有),英語,22,女性,205
EUS02,英語(D有),英語,23,男性,239
EUS50,英語(D有),英語,26,男性,167
EUS17,英語(D有),英語,21,女性,170
EUS31,英語(D有),英語,26,男性,168
EUS24,英語(D有),英語,22,男性,185
EUS27,英語(D有),英語,21,女性,171
EUS29,英語(D有),英語,22,女性,190
EUS32,英語(D有),英語,22,男性,229
EUS35,英語(D有),英語,26,女性,189
JJE69,国内教室環境,英語,17,男性,232
JJN55,国内自然習得,英語,38,男性,175
JJN05,国内自然習得,英語,36,女性,219
TTR03,トルコ語,トルコ語,21,女性,62
TTR10,トルコ語,トルコ語,20,男性,67
TTR55,トルコ語,トルコ語,19,女性,70
TTR15,トルコ語,トルコ語,21,女性,81
TTR27,トルコ語,トルコ語,44,女性,83
TTR51,トルコ語,トルコ語,21,女性,84
TTR08,トルコ語,トルコ語,21,女性,86
TTR54,トルコ語,トルコ語,24,男性,94
TTR36,トルコ語,トルコ語,20,男性,95
TTR23,トルコ語,トルコ語,18,女性,98
TTR16,トルコ語,トルコ語,21,男性,101
TTR25,トルコ語,トルコ語,19,男性,106
TTR02,トルコ語,トルコ語,22,女性,111
TTR05,トルコ語,トルコ語,20,女性,119
TTR53,トルコ語,トルコ語,22,女性,276
TTR49,トルコ語,トルコ語,22,男性,133
TTR19,トルコ語,トルコ語,21,男性,139
TTR11,トルコ語,トルコ語,22,女性,143
TTR20,トルコ語,トルコ語,20,男性,144
TTR45,トルコ語,トルコ語,22,女性,257
TTR47,トルコ語,トルコ語,23,女性,150
TTR58,トルコ語,トルコ語,22,女性,150
TTR42,トルコ語,トルコ語,18,女性,154
TTR37,トルコ語,トルコ語,20,女性,155
TTR24,トルコ語,トルコ語,20,女性,158
TTR52,トルコ語,トルコ語,20,男性,159
TTR04,トルコ語,トルコ語,25,男性,243
TTR34,トルコ語,トルコ語,21,女性,162
TTR28,トルコ語,トルコ語,22,女性,167
TTR61,トルコ語,トルコ語,22,男性,237
TTR57,トルコ語,トルコ語,22,女性,169
TTR29,トルコ語,トルコ語,24,女性,170
TTR26,トルコ語,トルコ語,21,女性,232
TTR13,トルコ語,トルコ語,20,女性,173
TTR39,トルコ語,トルコ語,25,女性,173
TTR46,トルコ語,トルコ語,20,男性,228
TTR60,トルコ語,トルコ語,19,女性,227
TTR18,トルコ語,トルコ語,25,男性,177
TTR43,トルコ語,トルコ語,21,男性,219
TTR59,トルコ語,トルコ語,22,男性,185
TTR56,トルコ語,トルコ語,21,男性,217
TTR06,トルコ語,トルコ語,24,男性,186
TTR33,トルコ語,トルコ語,20,女性,186
TTR14,トルコ語,トルコ語,22,男性,189
TTR17,トルコ語,トルコ語,20,男性,189
TTR48,トルコ語,トルコ語,23,女性,212
TTR35,トルコ語,トルコ語,20,男性,210
TTR41,トルコ語,トルコ語,22,女性,192
TTR50,トルコ語,トルコ語,23,女性,192
TTR12,トルコ語,トルコ語,21,女性,196
FFR56,フランス語,フランス語,21,男性,72
FFR02,フランス語,フランス語,20,女性,112
FFR26,フランス語,フランス語,27,男性,116
FFR36,フランス語,フランス語,19,女性,119
FFR30,フランス語,フランス語,19,女性,120
FFR04,フランス語,フランス語,20,女性,130
FFR37,フランス語,フランス語,22,女性,134
FFR25,フランス語,フランス語,20,女性,135
FFR35,フランス語,フランス語,20,女性,135
FFR32,フランス語,フランス語,25,女性,136
FFR45,フランス語,フランス語,24,女性,137
FFR51,フランス語,フランス語,21,女性,138
FFR59,フランス語,フランス語,20,女性,140
FFR39,フランス語,フランス語,21,女性,141
FFR33,フランス語,フランス語,22,男性,144
FFR54,フランス語,フランス語,19,女性,146
FFR13,フランス語,フランス語,20,男性,148
FFR18,フランス語,フランス語,23,男性,148
FFR31,フランス語,フランス語,19,女性,150
FFR46,フランス語,フランス語,23,女性,151
FFR01,フランス語,フランス語,21,女性,152
FFR62,フランス語,フランス語,24,男性,251
FFR11,フランス語,フランス語,21,女性,154
FFR55,フランス語,フランス語,20,女性,154
FFR63,フランス語,フランス語,21,女性,159
FFR22,フランス語,フランス語,20,男性,160
FFR20,フランス語,フランス語,21,女性,161
FFR53,フランス語,フランス語,23,男性,161
FFR57,フランス語,フランス語,19,女性,162
FFR06,フランス語,フランス語,24,女性,168
FFR19,フランス語,フランス語,26,男性,168
FFR15,フランス語,フランス語,20,女性,171
FFR44,フランス語,フランス語,21,女性,171
FFR03,フランス語,フランス語,27,男性,226
FFR42,フランス語,フランス語,20,男性,172
FFR07,フランス語,フランス語,29,男性,176
FFR08,フランス語,フランス語,20,女性,179
FFR10,フランス語,フランス語,23,女性,209
FFR17,フランス語,フランス語,19,女性,175
FFR23,フランス語,フランス語,21,男性,173
FFR24,フランス語,フランス語,23,男性,190
FFR27,フランス語,フランス語,21,女性,175
FFR38,フランス語,フランス語,22,女性,179
FFR40,フランス語,フランス語,22,女性,192
JJN29,国内自然習得,フランス語,41,女性,227
FFR47,フランス語,フランス語,24,女性,191
FFR49,フランス語,フランス語,19,女性,184
FFR50,フランス語,フランス語,22,男性,206
FFR61,フランス語,フランス語,24,男性,178
FFR60,フランス語,フランス語,24,男性,179
FFR64,フランス語,フランス語,23,女性,184
JJN52,国内自然習得,インドネシア語,56,男性,81
IID08,インドネシア語,インドネシア語,21,男性,85
IID54,インドネシア語,インドネシア語,21,男性,101
IID12,インドネシア語,インドネシア語,22,女性,107
IID38,インドネシア語,インドネシア語,21,女性,120
IID02,インドネシア語,インドネシア語,21,女性,124
IID41,インドネシア語,インドネシア語,21,女性,129
IID55,インドネシア語,インドネシア語,21,女性,134
IID42,インドネシア語,インドネシア語,22,男性,136
IID49,インドネシア語,インドネシア語,20,女性,145
IID34,インドネシア語,インドネシア語,21,女性,151
IID43,インドネシア語,インドネシア語,21,女性,151
JJN51,国内自然習得,インドネシア語,56,女性,151
IID44,インドネシア語,インドネシア語,21,男性,152
IID33,インドネシア語,インドネシア語,21,女性,155
IID25,インドネシア語,インドネシア語,18,男性,159
IID10,インドネシア語,インドネシア語,21,女性,160
IID31,インドネシア語,インドネシア語,21,女性,161
IID48,インドネシア語,インドネシア語,21,女性,165
IID52,インドネシア語,インドネシア語,20,男性,166
IID03,インドネシア語,インドネシア語,20,女性,168
IID50,インドネシア語,インドネシア語,20,女性,169
IID11,インドネシア語,インドネシア語,21,女性,170
IID47,インドネシア語,インドネシア語,20,女性,171
IID51,インドネシア語,インドネシア語,20,女性,172
IID14,インドネシア語,インドネシア語,21,男性,173
IID16,インドネシア語,インドネシア語,20,女性,176
IID07,インドネシア語,インドネシア語,21,女性,178
IID28,インドネシア語,インドネシア語,21,女性,181
IID39,インドネシア語,インドネシア語,21,女性,183
IID40,インドネシア語,インドネシア語,21,女性,183
IID23,インドネシア語,インドネシア語,22,女性,184
IID46,インドネシア語,インドネシア語,20,女性,217
IID09,インドネシア語,インドネシア語,20,女性,186
IID26,インドネシア語,インドネシア語,20,女性,214
IID36,インドネシア語,インドネシア語,23,男性,214
IID18,インドネシア語,インドネシア語,21,女性,188
IID06,インドネシア語,インドネシア語,21,女性,211
IID13,インドネシア語,インドネシア語,21,女性,211
IID22,インドネシア語,インドネシア語,22,女性,211
IID24,インドネシア語,インドネシア語,21,男性,191
IID45,インドネシア語,インドネシア語,21,女性,191
IID01,インドネシア語,インドネシア語,21,女性,196
IID19,インドネシア語,インドネシア語,22,女性,208
IID32,インドネシア語,インドネシア語,21,女性,208
IID35,インドネシア語,インドネシア語,21,女性,208
IID15,インドネシア語,インドネシア語,20,男性,205
IID17,インドネシア語,インドネシア語,22,女性,202
IID20,インドネシア語,インドネシア語,21,女性,201
IID27,インドネシア語,インドネシア語,21,女性,202
IID29,インドネシア語,インドネシア語,21,女性,203
IID56,インドネシア語,インドネシア語,20,女性,202
TTH09,タイ語,タイ語,22,女性,331
TTH50,タイ語,タイ語,30,女性,322
TTH03,タイ語,タイ語,21,男性,281
TTH04,タイ語,タイ語,22,女性,275
TTH11,タイ語,タイ語,26,女性,275
TTH33,タイ語,タイ語,27,女性,272
TTH25,タイ語,タイ語,21,女性,268
TTH48,タイ語,タイ語,21,女性,141
TTH26,タイ語,タイ語,22,女性,257
TTH08,タイ語,タイ語,19,女性,153
TTH24,タイ語,タイ語,22,女性,158
JJC20,国内教室環境,タイ語,23,女性,246
TTH43,タイ語,タイ語,22,女性,246
JJC09,国内教室環境,タイ語,29,男性,244
TTH37,タイ語,タイ語,22,女性,244
TTH15,タイ語,タイ語,30,女性,241
TTH31,タイ語,タイ語,22,男性,240
TTH21,タイ語,タイ語,21,女性,237
TTH52,タイ語,タイ語,21,男性,237
TTH30,タイ語,タイ語,21,女性,170
TTH34,タイ語,タイ語,20,女性,232
TTH20,タイ語,タイ語,21,男性,174
TTH46,タイ語,タイ語,22,女性,229
TTH29,タイ語,タイ語,20,男性,228
TTH51,タイ語,タイ語,21,女性,228
TTH45,タイ語,タイ語,22,女性,175
TTH42,タイ語,タイ語,20,女性,225
TTH41,タイ語,タイ語,20,女性,224
TTH47,タイ語,タイ語,21,女性,179
TTH44,タイ語,タイ語,22,女性,223
TTH53,タイ語,タイ語,22,女性,223
TTH49,タイ語,タイ語,21,女性,182
TTH12,タイ語,タイ語,22,女性,219
TTH38,タイ語,タイ語,19,男性,185
TTH39,タイ語,タイ語,21,女性,217
TTH05,タイ語,タイ語,22,女性,186
TTH22,タイ語,タイ語,21,女性,214
TTH14,タイ語,タイ語,20,女性,189
TTH27,タイ語,タイ語,20,女性,213
TTH10,タイ語,タイ語,21,女性,211
TTH35,タイ語,タイ語,20,女性,191
TTH36,タイ語,タイ語,21,女性,191
TTH19,タイ語,タイ語,21,女性,192
TTH01,タイ語,タイ語,32,男性,209
TTH23,タイ語,タイ語,21,女性,192
TTH13,タイ語,タイ語,20,女性,193
TTH32,タイ語,タイ語,22,女性,206
TTH40,タイ語,タイ語,20,女性,206
TTH07,タイ語,タイ語,19,女性,205
TTH28,タイ語,タイ語,20,女性,197
JJC57,国内教室環境,タイ語,30,女性,198
TTH16,タイ語,タイ語,20,女性,198
TTH18,タイ語,タイ語,21,女性,200
RRS18,ロシア語,ロシア語,21,男性,81
RRS04,ロシア語,ロシア語,20,男性,304
RRS29,ロシア語,ロシア語,19,女性,106
RRS10,ロシア語,ロシア語,19,女性,117
RRS43,ロシア語,ロシア語,20,女性,117
RRS15,ロシア語,ロシア語,18,女性,133
RRS06,ロシア語,ロシア語,18,女性,136
RRS22,ロシア語,ロシア語,22,男性,266
RRS53,ロシア語,ロシア語,21,女性,138
RRS21,ロシア語,ロシア語,22,女性,265
RRS16,ロシア語,ロシア語,17,女性,139
RRS05,ロシア語,ロシア語,18,女性,141
RRS60,ロシア語,ロシア語,19,女性,261
RRS38,ロシア語,ロシア語,18,未回答,145
RRS58,ロシア語,ロシア語,19,女性,151
RRS59,ロシア語,ロシア語,18,女性,151
RRS56,ロシア語,ロシア語,24,女性,252
RRS19,ロシア語,ロシア語,24,男性,158
RRS02,ロシア語,ロシア語,19,女性,159
RRS35,ロシア語,ロシア語,20,女性,159
RRS33,ロシア語,ロシア語,22,女性,245
RRS24,ロシア語,ロシア語,20,女性,244
RRS01,ロシア語,ロシア語,18,女性,162
RRS36,ロシア語,ロシア語,20,女性,164
RRS42,ロシア語,ロシア語,21,女性,165
JJC40,国内教室環境,ロシア語,21,男性,237
RRS41,ロシア語,ロシア語,19,女性,170
RRS27,ロシア語,ロシア語,22,女性,235
RRS14,ロシア語,ロシア語,22,女性,234
RRS11,ロシア語,ロシア語,23,女性,232
RRS28,ロシア語,ロシア語,22,女性,172
JJN39,国内自然習得,ロシア語,52,女性,174
RRS12,ロシア語,ロシア語,17,女性,227
RRS57,ロシア語,ロシア語,23,女性,225
RRS20,ロシア語,ロシア語,19,女性,224
RRS46,ロシア語,ロシア語,19,女性,179
RRS55,ロシア語,ロシア語,20,女性,179
RRS25,ロシア語,ロシア語,20,女性,180
RRS03,ロシア語,ロシア語,21,男性,181
RRS45,ロシア語,ロシア語,20,女性,184
JJN34,国内自然習得,ロシア語,35,女性,217
RRS34,ロシア語,ロシア語,22,女性,186
RRS47,ロシア語,ロシア語,19,女性,216
RRS39,ロシア語,ロシア語,22,女性,213
RRS30,ロシア語,ロシア語,21,女性,212
JJC52,国内教室環境,ロシア語,24,男性,210
RRS32,ロシア語,ロシア語,24,未回答,210
RRS49,ロシア語,ロシア語,22,女性,191
RRS26,ロシア語,ロシア語,19,女性,207
RRS44,ロシア語,ロシア語,18,男性,194
RRS23,ロシア語,ロシア語,22,女性,206
RRS40,ロシア語,ロシア語,20,女性,205
RRS48,ロシア語,ロシア語,19,女性,203
RRS13,ロシア語,ロシア語,22,未回答,201
GDE04,ドイツ語,ドイツ語,23,男性,309
GDE02,ドイツ語,ドイツ語,23,未回答,114
GDE09,ドイツ語,ドイツ語,23,女性,134
GAT30,ドイツ語,ドイツ語,33,女性,148
GAT10,ドイツ語,ドイツ語,27,男性,149
GAT36,ドイツ語,ドイツ語,23,女性,151
GAT43,ドイツ語,ドイツ語,21,女性,154
GAT07,ドイツ語,ドイツ語,24,女性,158
GAT08,ドイツ語,ドイツ語,23,男性,161
GDE14,ドイツ語,ドイツ語,33,男性,242
GAT22,ドイツ語,ドイツ語,21,男性,163
GAT34,ドイツ語,ドイツ語,25,女性,163
GAT42,ドイツ語,ドイツ語,25,男性,163
GDE13,ドイツ語,ドイツ語,23,男性,165
GAT04,ドイツ語,ドイツ語,32,男性,169
GAT29,ドイツ語,ドイツ語,25,女性,169
GAT37,ドイツ語,ドイツ語,22,男性,235
GAT27,ドイツ語,ドイツ語,26,男性,170
GAT33,ドイツ語,ドイツ語,25,女性,232
GAT20,ドイツ語,ドイツ語,21,女性,172
GDE12,ドイツ語,ドイツ語,20,男性,173
GAT11,ドイツ語,ドイツ語,20,男性,229
GAT05,ドイツ語,ドイツ語,22,女性,175
GAT25,ドイツ語,ドイツ語,24,男性,175
GAT06,ドイツ語,ドイツ語,22,女性,176
GAT31,ドイツ語,ドイツ語,21,女性,226
GAT12,ドイツ語,ドイツ語,22,男性,225
GAT14,ドイツ語,ドイツ語,26,男性,225
GAT01,ドイツ語,ドイツ語,21,女性,223
GAT02,ドイツ語,ドイツ語,21,女性,201
GAT03,ドイツ語,ドイツ語,23,女性,207
GAT09,ドイツ語,ドイツ語,21,女性,185
GAT24,ドイツ語,ドイツ語,21,女性,223
GAT46,ドイツ語,ドイツ語,21,女性,223
GAT16,ドイツ語,ドイツ語,24,女性,195
GAT17,ドイツ語,ドイツ語,21,女性,182
GAT19,ドイツ語,ドイツ語,21,男性,184
GAT21,ドイツ語,ドイツ語,24,女性,208
GAT23,ドイツ語,ドイツ語,22,女性,187
GAT39,ドイツ語,ドイツ語,25,男性,182
GAT28,ドイツ語,ドイツ語,21,女性,207
GDE16,ドイツ語,ドイツ語,22,女性,183
GAT45,ドイツ語,ドイツ語,21,女性,219
GAT38,ドイツ語,ドイツ語,35,女性,206
GAT40,ドイツ語,ドイツ語,23,女性,200
GAT41,ドイツ語,ドイツ語,19,女性,216
GDE01,ドイツ語,ドイツ語,26,男性,190
GDE06,ドイツ語,ドイツ語,32,男性,188
GDE10,ドイツ語,ドイツ語,23,男性,194
GDE15,ドイツ語,ドイツ語,21,女性,194
JJN40,国内自然習得,ビサヤ語,24,女性,95
JJN23,国内自然習得,ビサヤ語,46,女性,147
JJN42,国内自然習得,ビサヤ語,18,女性,197
HHG46,ハンガリー語,ハンガリー語,28,女性,301
HHG03,ハンガリー語,ハンガリー語,25,女性,288
HHG61,ハンガリー語,ハンガリー語,20,男性,118
HHG40,ハンガリー語,ハンガリー語,23,女性,287
HHG55,ハンガリー語,ハンガリー語,21,女性,283
HHG02,ハンガリー語,ハンガリー語,24,女性,282
HHG27,ハンガリー語,ハンガリー語,24,女性,135
HHG12,ハンガリー語,ハンガリー語,21,女性,268
HHG06,ハンガリー語,ハンガリー語,22,男性,138
HHG36,ハンガリー語,ハンガリー語,25,男性,140
HHG08,ハンガリー語,ハンガリー語,23,女性,141
HHG33,ハンガリー語,ハンガリー語,27,女性,260
HHG47,ハンガリー語,ハンガリー語,31,男性,259
HHG56,ハンガリー語,ハンガリー語,23,女性,258
HHG49,ハンガリー語,ハンガリー語,20,女性,151
HHG53,ハンガリー語,ハンガリー語,21,女性,151
HHG09,ハンガリー語,ハンガリー語,23,女性,250
HHG59,ハンガリー語,ハンガリー語,25,男性,247
HHG05,ハンガリー語,ハンガリー語,26,女性,246
HHG29,ハンガリー語,ハンガリー語,29,女性,245
HHG23,ハンガリー語,ハンガリー語,24,男性,160
HHG32,ハンガリー語,ハンガリー語,27,男性,163
HHG57,ハンガリー語,ハンガリー語,24,女性,240
HHG04,ハンガリー語,ハンガリー語,20,女性,166
HHG51,ハンガリー語,ハンガリー語,21,女性,239
HHG07,ハンガリー語,ハンガリー語,23,女性,172
HHG35,ハンガリー語,ハンガリー語,24,男性,172
HHG20,ハンガリー語,ハンガリー語,22,女性,231
HHG37,ハンガリー語,ハンガリー語,26,女性,230
HHG39,ハンガリー語,ハンガリー語,31,男性,230
HHG45,ハンガリー語,ハンガリー語,22,女性,229
HHG50,ハンガリー語,ハンガリー語,21,女性,178
HHG60,ハンガリー語,ハンガリー語,20,男性,178
HHG19,ハンガリー語,ハンガリー語,28,女性,224
HHG18,ハンガリー語,ハンガリー語,22,女性,180
HHG28,ハンガリー語,ハンガリー語,22,男性,223
HHG31,ハンガリー語,ハンガリー語,22,女性,221
HHG30,ハンガリー語,ハンガリー語,25,男性,183
HHG13,ハンガリー語,ハンガリー語,23,女性,219
HHG25,ハンガリー語,ハンガリー語,22,女性,186
HHG58,ハンガリー語,ハンガリー語,21,女性,186
HHG44,ハンガリー語,ハンガリー語,32,男性,216
HHG10,ハンガリー語,ハンガリー語,29,女性,203
HHG11,ハンガリー語,ハンガリー語,21,女性,190
HHG16,ハンガリー語,ハンガリー語,24,女性,206
HHG21,ハンガリー語,ハンガリー語,22,男性,197
HHG26,ハンガリー語,ハンガリー語,20,女性,192
HHG48,ハンガリー語,ハンガリー語,24,男性,212
HHG52,ハンガリー語,ハンガリー語,19,女性,199
HHG54,ハンガリー語,ハンガリー語,21,女性,198
JJC04,国内教室環境,ベトナム語,24,男性,104
VVN20,ベトナム語,ベトナム語,20,女性,118
JJE15,国内教室環境,ベトナム語,25,女性,279
VVN53,ベトナム語,ベトナム語,22,女性,127
VVN50,ベトナム語,ベトナム語,23,女性,275
JJE11,国内教室環境,ベトナム語,23,女性,135
VVN22,ベトナム語,ベトナム語,20,男性,268
VVN09,ベトナム語,ベトナム語,21,女性,139
VVN28,ベトナム語,ベトナム語,21,女性,141
VVN40,ベトナム語,ベトナム語,20,女性,261
JJC62,国内教室環境,ベトナム語,20,男性,260
JJE12,国内教室環境,ベトナム語,24,男性,150
VVN46,ベトナム語,ベトナム語,22,男性,152
VVN32,ベトナム語,ベトナム語,22,女性,153
JJE13,国内教室環境,ベトナム語,22,男性,156
VVN03,ベトナム語,ベトナム語,21,女性,157
VVN25,ベトナム語,ベトナム語,21,未回答,157
VVN36,ベトナム語,ベトナム語,21,女性,157
VVN47,ベトナム語,ベトナム語,21,男性,245
VVN41,ベトナム語,ベトナム語,21,女性,161
VVN10,ベトナム語,ベトナム語,21,女性,243
VVN35,ベトナム語,ベトナム語,21,女性,162
VVN38,ベトナム語,ベトナム語,21,女性,164
VVN29,ベトナム語,ベトナム語,22,女性,240
VVN45,ベトナム語,ベトナム語,20,男性,165
JJC16,国内教室環境,ベトナム語,21,男性,170
VVN17,ベトナム語,ベトナム語,21,女性,170
VVN57,ベトナム語,ベトナム語,22,女性,233
VVN48,ベトナム語,ベトナム語,21,女性,232
VVN01,ベトナム語,ベトナム語,20,男性,231
JJE46,国内教室環境,ベトナム語,26,女性,173
VVN31,ベトナム語,ベトナム語,20,女性,229
VVN44,ベトナム語,ベトナム語,20,女性,229
JJE18,国内教室環境,ベトナム語,23,男性,176
JJN31,国内自然習得,ベトナム語,29,男性,227
JJE09,国内教室環境,ベトナム語,26,男性,180
VVN19,ベトナム語,ベトナム語,20,女性,180
VVN37,ベトナム語,ベトナム語,21,女性,180
VVN05,ベトナム語,ベトナム語,24,女性,182
VVN06,ベトナム語,ベトナム語,21,女性,219
VVN12,ベトナム語,ベトナム語,21,女性,219
JJC12,国内教室環境,ベトナム語,27,男性,218
VVN51,ベトナム語,ベトナム語,23,女性,218
VVN33,ベトナム語,ベトナム語,23,女性,185
VVN24,ベトナム語,ベトナム語,20,女性,217
VVN49,ベトナム語,ベトナム語,22,女性,215
VVN39,ベトナム語,ベトナム語,21,女性,186
JJC13,国内教室環境,ベトナム語,24,男性,187
VVN15,ベトナム語,ベトナム語,29,女性,187
JJE03,国内教室環境,ベトナム語,26,男性,188
VVN13,ベトナム語,ベトナム語,22,女性,214
VVN04,ベトナム語,ベトナム語,22,女性,188
VVN56,ベトナム語,ベトナム語,29,女性,214
VVN27,ベトナム語,ベトナム語,20,男性,188
VVN11,ベトナム語,ベトナム語,21,女性,189
VVN43,ベトナム語,ベトナム語,22,女性,191
VVN55,ベトナム語,ベトナム語,23,未回答,209
VVN30,ベトナム語,ベトナム語,21,女性,192
VVN16,ベトナム語,ベトナム語,21,女性,193
VVN21,ベトナム語,ベトナム語,21,女性,207
VVN23,ベトナム語,ベトナム語,20,女性,194
VVN42,ベトナム語,ベトナム語,21,女性,194
JJE31,国内教室環境,ベトナム語,22,男性,197
VVN18,ベトナム語,ベトナム語,21,女性,197
VVN26,ベトナム語,ベトナム語,19,女性,202
JJE21,国内教室環境,ベトナム語,21,男性,201
JJN32,国内自然習得,ヒンディー語,20,男性,113
JJN43,国内自然習得,クメール語,36,男性,127
JJN01,国内自然習得,ポルトガル語,26,男性,275
JJN10,国内自然習得,ポルトガル語,52,女性,137
JJN17,国内自然習得,ポルトガル語,42,女性,265
JJN13,国内自然習得,ポルトガル語,44,女性,251
JJN15,国内自然習得,ポルトガル語,54,女性,245
JJN12,国内自然習得,ポルトガル語,47,女性,240
JJN16,国内自然習得,ポルトガル語,45,女性,233
JJN09,国内自然習得,ポルトガル語,40,女性,227
JJN07,国内自然習得,ポルトガル語,45,女性,178
JJN14,国内自然習得,ポルトガル語,48,女性,184
JJN08,国内自然習得,ポルトガル語,46,男性,186
JJN19,国内自然習得,ポルトガル語,45,男性,209
JJC39,国内教室環境,ネパール語,22,男性,258
JJE32,国内教室環境,モンゴル語,26,男性,258
JJC47,国内教室環境,モンゴル語,23,男性,246
JJC61,国内教室環境,モンゴル語,19,男性,201
JJN21,国内自然習得,フィリピン語,17,男性,163
JJE71,国内教室環境,ペルシア語,21,女性,165
JJJ01,日本語母語話者,日本語,24,男性,999
JJJ02,日本語母語話者,日本語,50,女性,999
JJJ03,日本語母語話者,日本語,27,男性,999
JJJ04,日本語母語話者,日本語,26,男性,999
JJJ05,日本語母語話者,日本語,31,男性,999
JJJ06,日本語母語話者,日本語,20,女性,999
JJJ07,日本語母語話者,日本語,25,女性,999
JJJ08,日本語母語話者,日本語,27,女性,999
JJJ09,日本語母語話者,日本語,46,女性,999
JJJ10,日本語母語話者,日本語,39,女性,999
JJJ11,日本語母語話者,日本語,20,女性,999
JJJ12,日本語母語話者,日本語,39,男性,999
JJJ13,日本語母語話者,日本語,29,男性,999
JJJ14,日本語母語話者,日本語,22,女性,999
JJJ15,日本語母語話者,日本語,20,女性,999
JJJ16,日本語母語話者,日本語,38,女性,999
JJJ17,日本語母語話者,日本語,41,女性,999
JJJ18,日本語母語話者,日本語,39,女性,999
JJJ19,日本語母語話者,日本語,32,女性,999
JJJ20,日本語母語話者,日本語,21,女性,999
JJJ21,日本語母語話者,日本語,21,女性,999
JJJ23,日本語母語話者,日本語,43,女性,999
JJJ24,日本語母語話者,日本語,33,男性,999
JJJ25,日本語母語話者,日本語,24,男性,999
JJJ26,日本語母語話者,日本語,36,男性,999
JJJ27,日本語母語話者,日本語,24,男性,999
JJJ28,日本語母語話者,日本語,23,男性,999
JJJ29,日本語母語話者,日本語,32,女性,999
JJJ30,日本語母語話者,日本語,35,女性,999
JJJ31,日本語母語話者,日本語,45,女性,999
JJJ32,日本語母語話者,日本語,49,女性,999
JJJ33,日本語母語話者,日本語,49,女性,999
JJJ35,日本語母語話者,日本語,35,男性,999
JJJ36,日本語母語話者,日本語,42,男性,999
JJJ37,日本語母語話者,日本語,42,男性,999
JJJ39,日本語母語話者,日本語,29,女性,999
JJJ43,日本語母語話者,日本語,39,女性,999
JJJ44,日本語母語話者,日本語,27,男性,999
JJJ45,日本語母語話者,日本語,30,男性,999
JJJ46,日本語母語話者,日本語,38,女性,999
JJJ47,日本語母語話者,日本語,53,女性,999
JJJ48,日本語母語話者,日本語,46,男性,999
JJJ49,日本語母語話者,日本語,55,男性,999
JJJ50,日本語母語話者,日本語,53,男性,999
JJJ51,日本語母語話者,日本語,24,男性,999
JJJ52,日本語母語話者,日本語,22,女性,999
JJJ54,日本語母語話者,日本語,45,男性,999
JJJ55,日本語母語話者,日本語,41,男性,999
JJJ56,日本語母語話者,日本語,40,男性,999
JJJ57,日本語母語話者,日本語,43,女性,999